id,citation,doi_or_url,type,datasets,models,validation,main_claim,key_numbers,methods_terms,limitations,gap_for_us,objectives,used_in,status,source_check
Brookshire2024leakage,"Brookshire, Kasper, Blauch, et al. (2024). Frontiers in Neuroscience, 18, 1373515",https://doi.org/10.3389/fnins.2024.1373515,empirical + literature survey,"Private AD/SCI EEG (Pacific Neuroscience Institute; Ganapathi et al., 2022); Siena Scalp EEG (seizures)","Reproduced 1D-CNN (Oh et al., 2020) and frequency-domain DNN (Rashed-Al-Mahfuz et al., 2021)",segment-based holdout vs subject-based holdout on identical models,Segment-based holdout leaks subject identity and strongly overestimates performance on unseen subjects; most translational DNN-EEG studies use it.,Only 17/63 (27.0%) surveyed studies unambiguously avoided subject leakage,subject-based vs segment-based holdout; identity confounding; reproduction of published architectures; systematic survey of split strategy,Two datasets; DNNs only; leakage type limited to subject identity,"Does not address demographic or cohort/acquisition confounds, foundation models, or cross-cohort testing",O1;O4,1.1; 2.3,noted,primary (abstract + excerpts)
Miltiadous2026ahepa,"Miltiadous, Ntetska, Aspiotis, et al. (2026). Cognitive Neurodynamics, 20(1)",https://doi.org/10.1007/s11571-026-10464-w,benchmark / scoping review,46 studies using ds004504 (AHEPA),all published ML on AHEPA,"studies stratified into validity tiers: 1 subject-level CV (e.g. LOSO), 2 subject-level split, 3 epoch-level k-fold",Methodological rigour is inversely related to reported accuracy on AHEPA; data leakage drives apparent gains of deep models.,AD vs CN mean accuracy 90.81% overall vs 82.11% in Validity-1; FTD vs CN 86.53% vs 75.18%; weaker validation adds 7-10 pp,validity-tier stratification; normalisation of metrics across classification problems; linear regression of accuracy on validation rigour; PRISMA,Single dataset; accuracy as the main metric,Explicitly notes lack of cross-configuration generalisation and need for montage-independent methods; we test cross-cohort transfer and acquisition confounds,O1;O4,1.1; 2.3; 3.2.1,noted,primary (abstract + excerpts)
Lin2026identitytrap,"Lin, Wu, Jung, et al. (2026). arXiv:2606.06647",https://doi.org/10.48550/arXiv.2606.06647,method / audit,"4 public resting-state datasets incl. Alzheimer's/FTD, mental arithmetic, sleep deprivation, trait stress (N<=65 each); 200 Hz, 1-45 Hz","Frozen and fine-tuned LaBraM, CBraMod, REVE",subject-disjoint CV; a priori 2x2 design (label within/between subject x consensus marker present),"Subject identity dominates frozen EEG-FM representations (the 'Identity Trap'); it lies on a largely linear, removable axis; aperiodic 1/f is one carrier for LaBraM/CBraMod.","Subject-variance fraction 13-89x a random-Gaussian null in 12/12 pairs; erasure improves within-subject label decoding by +6 to +12 pp; removing aperiodic 1/f drops subject probe 9-19 pp (LaBraM, CBraMod)",FMScope pre-flight protocol; variance decomposition; subject-axis erasure with LEACE; aperiodic 1/f ablation; layer-wise label probing; within-subject direction consistency,Small datasets; within-cohort; subject identity rather than demographics/site,"Does not test cohort/acquisition identity or demographics, nor cross-cohort generalisation after erasure (our O2-O4)",O2;O3;O5,2.4,skimmed,primary (abstract + excerpts)
Martin2023interpretable,"Martin, Townend, Barkhof, & Cole (2023). Alzheimer's & Dementia, 19(5), 2135-2149",https://doi.org/10.1002/alz.12948,systematic review,"92 studies (PubMed, Web of Science, Scopus)",interpretable ML for dementia (mostly neuroimaging),reviewed: CV vs hold-out; 45/92 used a hold-out test set (internal subset or independent source),Interpretable ML for dementia shows promising performance but inconsistent validation and reporting and heavy reliance on popular datasets.,92 studies; 45/92 used a hold-out test set,systematic review of interpretability methods (post-hoc explainability vs intrinsically interpretable models),Mostly MRI; not EEG-specific,Motivates external/cross-cohort validation; VERIFY the proposal's claim that only a minority used external datasets (see to_verify.md),O4;O5,2.7,skimmed,primary (abstract)
Ehteshamzad2024review,"Ehteshamzad (2024). Journal of Alzheimer's Disease Reports, 8(1), 1153-1169",https://doi.org/10.3233/ADR-230159,systematic review,"25 studies, 2000-2023",signal processing + ML for AD EEG,n/a,EEG is a promising early-AD tool; ML improves AD vs MCI discrimination; standardisation of EEG methods remains a challenge.,25 included studies (PRISMA),Hjorth parameters; signal compressibility; PRISMA,Small review; validation rigour not graded,No treatment of confounds or foundation models,background,1.1; 2.1,skimmed,primary (abstract)
Miltiadous2023dataset,"Miltiadous, Tzimourta, Afrantou, et al. (2023). Data, 8(6), 95",https://doi.org/10.3390/data8060095,dataset,"ds004504: 36 AD, 23 FTD, 29 CN",n/a,n/a,"Describes the resting-state eyes-closed 19-electrode clinical EEG dataset (BIDS, raw + preprocessed) with MMSE.",88 participants; 19 electrodes; monopolar montage,BIDS; artifact subspace reconstruction (ASR); ICA-based denoising (derivatives),Single site; clinical diagnoses,Primary cohort; only one with age/sex,data,3.2.1,to-read,primary (abstract)
Jiang2024labram,"Jiang, Zhao, & Lu (2024). ICLR 2024",https://arxiv.org/abs/2405.18765,method (foundation model),large heterogeneous EEG corpus (see paper),LaBraM,downstream fine-tuning benchmarks,A transformer pretrained by masked EEG modelling on many datasets learns generic transferable EEG representations.,"TODO from full text (hours of pretraining data, model sizes)",channel-wise patching (1-s patches); vector-quantised neural tokenizer trained to reconstruct Fourier amplitude and phase; masked EEG modelling,"Evaluated by fine-tuning accuracy, not representation content",Primary model; we audit what the frozen representation encodes,O1-O5,1.1; 2.4; 3.8,to-read,primary needed
Wang2025lead,"Wang, Huang, Mammone, et al. (2025). arXiv:2502.01678",https://doi.org/10.48550/arXiv.2502.01678,method (AD foundation model),TODO (check data section: possible provenance of ADFSU/ADSZ/APAVA naming),LEAD,subject-independent (reported),EEG foundation model for AD detection (per title).,TODO,TODO; described elsewhere as contrastive pretraining across large EEG datasets (secondary),TODO,Alternative model; possible data provenance for three cohorts,O1; data,2.4,to-read,secondary
Belrose2023leace,"Belrose, Schneider-Joseph, Ravfogel, Cotterell, Raff, & Biderman (2023). NeurIPS 36",https://doi.org/10.48550/arXiv.2306.03819,method,NLP representations,LEACE,n/a,"Closed-form linear concept erasure that prevents every linear classifier from beating a constant predictor on the erased concept, with minimal change to the representation.",n/a,least-squares concept erasure (LEACE); linear guardedness,Linear only: nonlinear probes may still recover the concept,Tool for O3 cohort erasure; must be paired with a nonlinear-probe check,O3,3.11,to-read,primary needed
Ravfogel2020inlp,"Ravfogel, Elazar, Gonen, Twiton, & Goldberg (2020). ACL 2020, 7237-7256",https://doi.org/10.18653/v1/2020.acl-main.647,method,word embeddings; fair classification,INLP,n/a,Repeatedly training linear classifiers for a protected attribute and projecting onto their nullspace removes linearly decodable information about it.,n/a,iterative nullspace projection (INLP),"Linear; iterative, may remove more than necessary",Comparator to LEACE in O3,O3,3.11,skimmed,primary (abstract)
Tang2026whatcapture,"Tang, Chen, Mei, et al. (2026). arXiv:2605.11410",https://doi.org/10.48550/arXiv.2605.11410,method / audit,"MDD, Stress, ISRUC-Sleep, TUSL, Siena","CSBrain, CBraMod, LaBraM",see paper,Most hand-crafted EEG features are both encoded and used by EEG foundation models; confirmed features recover ~79% of the FM advantage over a random baseline.,945 units; 68.6% representation-causal; 21.1% encoded-only; 79.3% mean recovery,layer-wise ridge probing; LEACE-style cross-covariance subspace erasure; encoded vs used (representation-causal) distinction; random-feature baseline,No AD task,Supports 'decodable does not mean used'; template for O5,O2;O5,not yet,to-read,primary (abstract)
Gebregergis2026reliability,"Gebregergis, Yhdego, Teklu, et al. (2026). openRxiv preprint",https://doi.org/10.64898/2026.08.19.745052,empirical,2 healthy test-retest cohorts; 3 neurodegenerative cohorts,"9 frozen representations incl. 6 EEG-FMs, handcrafted spectral, 2 generic time-series models",see paper,Test-retest reliability and disease discrimination are dissociable properties of frozen EEG-FM representations.,ICC mean 0.08-0.76 (CV 53%) vs AUC CV 5.4%,intraclass correlation (ICC); band ablation; subspace geometry,Preprint,Theta ranked first for AD discrimination: prior for O5,O5,not yet,to-read,primary (abstract)
Ugail2026subjectidentity,Ugail & Howard (2026). Research Square preprint,https://doi.org/10.21203/rs.3.rs-11036934/v1,empirical,longitudinal 4-session dataset + 4 public datasets (39-395 participants),spectral band-power features,subject-wise held-out,Subject identity is a major source of variance in spectral EEG features and inflates clinical classification under segment-level splits.,TODO,variance partitioning; subject verification; cross-session recognition,Preprint; classical features only,Supports D-001,O1,not yet,to-read,primary (abstract)
Kapoor2023leakage,"Kapoor & Narayanan (2023). Patterns, 4(9), 100804",https://doi.org/10.1016/j.patter.2023.100804,review,,,,Leakage is widespread across ML-based science and drives reproducibility failures.,TODO,leakage taxonomy; model info sheets,,Checklist for our leakage controls,O1;O4,reference list only: cite in text or drop,to-read,primary needed
Collins2024tripodai,"Collins, Dhiman, Andaur Navarro, et al. (2024). BMJ, 385, e078378",https://doi.org/10.1136/bmj-2023-078378,guideline,,,,TRIPOD+AI reporting guideline for prediction models using regression or ML.,,reporting checklist,,Reporting standard for the thesis,reporting,reference list only: cite in reporting section,to-read,primary needed
Wolff2019probast,"Wolff, Moons, Riley, et al. (2019). Annals of Internal Medicine, 170(1), 51-58",https://doi.org/10.7326/M18-1376,guideline,,,,PROBAST tool for risk of bias and applicability of prediction-model studies.,,"risk-of-bias domains: participants, predictors, outcome, analysis",,Self-assessment of our design,reporting,reference list only: cite in reporting section,to-read,primary needed
