exp_id,objective,title,question,data,method,primary_metric,workplan_task,status,git_commit,result_summary
EXP-001,data,Raw data audit,What exactly is in each download (channels; rate; units; duration; condition; IDs)?,all 4 cohorts raw,scripts/01_audit.py,audit table complete,T2.x,done (ds004504); pending other cohorts,,ds004504 matches documentation; 0 unit/flat/clipping problems; 13 recordings with extreme segments; no duplicates
EXP-002,data,ADSZ-ADFSU overlap check,Do any participants appear in both ADSZ and ADFSU?,ADSZ + ADFSU,signal hashing + cross-correlation + PSD fingerprint,n duplicate pairs,T3.x,done,,ADSZ is a subset of ADFSU (47/48 files identical); ADFSU AD 40-44 duplicated; F1/F2 = Fp1/Fp2
EXP-003,data,Preprocessing QC,Does harmonised preprocessing leave cohort-specific artefacts (PSD shape; amplitude; rejected epochs)?,all 4 processed,per-cohort PSD and amplitude summaries,QC report,T4.9,planned,,
EXP-010,O1,Within-cohort baseline,How well does frozen Z classify AD vs HC within each cohort?,each cohort separately,logistic regression; repeated grouped 5-fold,AUROC,T6.2,planned,,
EXP-011,O1,LOCO baseline,How well does frozen Z transfer to an unseen cohort?,all 4 cohorts LOCO,logistic regression; nested layer/pooling selection,per-fold AUROC,T6.3,planned,,
EXP-012,O1,Classical comparator,Does Z beat relative band power + aperiodic exponent?,all cohorts; within + LOCO,same classifier on classical features,AUROC difference,T6.4,planned,,
EXP-013,O1,Nuisance-only baselines,How much AD signal is in age+sex (ds004504) and cohort identity (pooled CV)?,ds004504; pooled,logistic regression on nuisance variables,AUROC,T6.5,planned,,
EXP-020,O2,Age and sex probes,Are age and sex decodable from Z?,ds004504 AD+HC,ridge (age); logistic (sex); permutation test,MAE/R2; AUROC,T7.1-T7.2,planned,,
EXP-021,O2,Cohort probe,Is cohort identity decodable from Z?,all 4 cohorts,multinomial logistic; grouped CV,balanced accuracy; macro-F1,T7.3,planned,,
EXP-022,O2,Nonlinear probes,Does an MLP recover more nuisance information than linear probes?,as EXP-020/021,MLP probe,same as linear,T7.4,planned,,
EXP-030,O3,Demographic control,Does removing age/sex change AD AUROC within ds004504?,ds004504,OLS residualisation inside folds,delta AUROC,T8.1,planned,,
EXP-031,O3,Cohort centring LOCO,Does prevalence-balanced cohort centring change LOCO AUROC (variants i and ii)?,all 4 cohorts LOCO,centring inside folds,delta AUROC,T8.2,planned,,
EXP-032,O3,LEACE and INLP erasure,Do linear erasers change LOCO AUROC and remove cohort information?,all 4 cohorts LOCO,LEACE; INLP,delta AUROC; residual probe accuracy,T8.3,planned,,
EXP-040,O4,Primary outcome,Mean per-fold delta AUROC original vs cohort-controlled,all 4 cohorts LOCO,paired participant bootstrap,mean delta AUROC,T9.1,planned,,
EXP-041,O4,Sensitivity without ADFSU,Is the primary result driven by ADFSU?,3 cohorts LOCO,as EXP-040,mean delta AUROC,T9.2,planned,,
EXP-042,O4,Sensitivity ADFSU subsampled,Does balancing ADFSU change the result?,4 cohorts; ADFSU AD subsampled x100,as EXP-040,mean delta AUROC distribution,T9.3,planned,,
EXP-050,O5,Band perturbation,Which frequency bands drive the residual AD signal?,all cohorts,band-stop perturbation of input; re-extract,change in AD probability,T11.2,planned,,
EXP-051,O5,Channel occlusion,Which channels drive the residual AD signal?,all cohorts,channel occlusion,change in AD probability,T11.3,planned,,
EXP-052,O5,Z* vs classical markers,Does Z* correlate with theta/alpha ratio; PAF; aperiodic exponent?,all cohorts,correlation/ridge mapping with FDR,correlation,T11.4,planned,,
